ProductID,ProductName,AvailableQuantity,MRP,SalePrice,Category,Subcategory,Brand,After Discount,% discount
17237878,Baby On Board Sticker - White,1,145,145,Baby Gear,Baby Car Seats,Fab N Funky,101,30
3231572,Cat Shape Hooks (Color & Character May Vary),1,165,165,Nursery,Storage & Organization,Fab N Funky,0,
2765641,Babyhug Premium Cotton Baby Nest Bag Transport Theme - Multicolor,1,1245,1245,Nursery,Blankets  Wrappers & Sleeping Bags,Babyhug,649,47
2407482,R for Rabbit Road Runner Scooter for Kids of 3+ Year Age  Kids Kick Scooter with 4 Level Height Adjustment  PU LED Wheels & Weight Capacity Upto 75 kg (Red),1,4680,4680,Baby Gear,Ride-ons & Scooters,,3539,24
9473802,Babyhug Rabit Walker cum Rocker With Parental Push Handle - Red (Seat Print & Color May Vary),1,3695,3695,Baby Gear,Baby Walkers,Babyhug,,0
17857341,R for Rabbit Iya Iya Zippy Kids Swing Car  Scratch Free PVC Wheels with ABEC7 Bearing  Ride on Magic Toy Car for Kids Suitable for 3+ Years Boys & Girls  Upto 75 Kgs (Sea Green),1,2331,2331,Baby Gear,Ride-ons & Scooters,R for Rabbit,1792,23
3183553,Babyhug 3 Layers High Density Plastic Storage Cabinet Teddy Print With Wheels - White,1,6995,6995,Nursery,Storage & Organization,Babyhug,5106,27
11569954,Babyhug Cotton Fix Pillow Mat With Moon Print - Pink| Soft and Comfortable|  Light Weight and Travel Friendly| Foldable| New Born Gifting Option| For Boys and Girls| Use on Floor Cribs Cots or Cradle| 100% Cotton Fabric,1,895,895,Nursery,Baby Bedding Sets & Pillows,Babyhug,660,26
14200427,Babyhug Single Ply Mink Blanket Elephant Party Print - Blue,1,425,425,Nursery,Blankets  Wrappers & Sleeping Bags,Babyhug,280,34
3218777,Babyhug Cotton Swaddle Wrapper Butterfly Print - Multicolor,1,545,545,Nursery,Blankets  Wrappers & Sleeping Bags,Babyhug,342,37
20312843,Babyhug Wooden Cradle with Mosquito Net| Swing Lock & Wheels| Safe & Durable Baby Cot with Storage| Smooth Rocking| Spacious Sleeping Area| Bassinet - Beige,1,8995,8995,Nursery,Baby Furniture,Babyhug,6296,30
11879507,Bonfino Premium 100% Organic Cotton Sleeping Bag Macaroon Print - Pink,1,1299,1299,Nursery,Blankets  Wrappers & Sleeping Bags,Bonfino,948,27
9333732,Babyhug Cotton Head Shaping 1 Kg Mustard Seeds/ Rai Pillow Travel Print - Multicolor,1,595,595,Nursery,Baby Bedding Sets & Pillows,Babyhug,406,32
3575704,Babyhug Mickey Gyro Swing Car - Red Blue,1,2645,2645,Baby Gear,Ride-ons & Scooters,Babyhug,1782,32.6
18729872,R for Rabbit Street Smart Ace Auto Fold Stylish Newborn Baby Stroller| Aluminum Frame Pram with One Click Fold |Travel Friendly Cabin Trolley Stroller for 0-3 Years Kids||(Blue Black),1,10998,10998,Baby Gear,Baby Strollers & Prams,R for Rabbit,8316,24
19212855,Babyhug Disney Premium Cotton Quilt For Babies Cool Mickey Theme - Red,1,2299,2299,Nursery,Blankets  Wrappers & Sleeping Bags,Babyhug Disney,1218,37
13145649,Babyhug Canvas Storage Bag Butterfly Print- Grey,1,645,645,Nursery,Storage & Organization,Babyhug,303,53
3036158,Babyhug Cotton Bedding Set with Mosquito Net City Buzz Print - Navy Blue,1,1795,1795,Nursery,Mosquito Nets,Babyhug,1227,31
19338266,Polka Tots Cotton Baby Bedding Mattress & Mosquito Net Gadda Set With Dangling Toys & Head Pillow  Unicorn Print  White,1,1799,1799,Nursery,Mosquito Nets,Polka Tots,1799,0
2588428,Babyhug 3 in 1 Premium Baby Muslin Wrapper Cum Swaddle Racoon Print Pack of 2 - Orange,1,1195,1195,Nursery,Blankets  Wrappers & Sleeping Bags,Babyhug,972,18
1339712,Babyhug Lily Wooden Cot with Detachable Bassinet & Side Shelf - Light Brown| Adjustable Height| Wheels for Easy Movement| Easy to Assemble| Mosquito Net| Foldable Side Rail|Extendable Head Board,1,18995,18995,Nursery,Baby Furniture,Babyhug,1310,31
571664,Firstcry Baby On Board Sign With Suction Cup - Blue,1,149,149,Baby Gear,Baby Car Seats,Babyhug,99,33
18439105,R for Rabbit Marshmallow Smart 3-in-1 High Chair with Swing for Baby  Adjustable Height  Dual Tray  Reclinable Backrest & Footrest Feeding Chair for 0.6-5 Years Kids |(Abstract Grey),1,10449,10449,Baby Gear,High Chairs & Booster Seats,R for Rabbit,8156,22
9045468,Babyhug Premium Pillow and Bolster Set Unicorn Print - Pink| Prevents Flat Head Syndrome| Neck and Shoulder Support | 100% Cotton| Breathable Fabric| Girls and Boys| Protection from Crib Railing| New Born Gifting Option | Travel Friendly| Soft and L,1,945,945,Nursery,Baby Bedding Sets & Pillows,Babyhug,605,36
1217657,Babyhug Set Of 6 Hangers - Sky Blue Multicolor,1,225,225,Nursery,Storage & Organization,Babyhug,153,31
15987368,Baby on Board Car Decals Cloth Safety Sign Board with Hanger Car Warning Sign Vehicles Sticker  - Blue,1,275,275,Baby Gear,Baby Car Seats,Fab N Funky,168,39
11879510,Bonfino Premium Organic Cotton Swaddle Wraps with Cap Macaroon Print Set of 2 - Pink,1,1195,1195,Nursery,Blankets  Wrappers & Sleeping Bags,Bonfino,800,33
21743575,Toddylon Baby Bed Cotton Bedding Set with Mosquito Net (0-6 Months) Purple,1,998,998,Nursery,Baby Bedding Sets & Pillows,Toddylon,548,46
3232111,2 in 1 Smart Cloth Organiser - Grey,1,75,75,Nursery,Storage & Organization,Fab N Funky,51,31
15716406,Babyhug Canvas Rectangular Storage Bag with Driver Dino Print- Pink,1,799,799,Nursery,Storage & Organization,Babyhug,0,0
905054,Babyhug Rai (Mustard) Seed Filling Pillow Polka Dots Blue - Polka Dots,1,375,375,Nursery,Baby Bedding Sets & Pillows,Babyhug,279,25
11849203,Babyhug Unicorn Foldable Baby Walker Cum Rocker With Parent Push Handle & Sun Shade - Grey,1,5995,5995,Baby Gear,Baby Walkers,Babyhug,,0
11395752,Fun Homes Reversible Pillow   - Sky Blue Cream,1,999,999,Nursery,Baby Bedding Sets & Pillows,Fun Homes,0,0
14552148,NEW COMER 3 in 1 Baby Bed Sleeping Bag & Carry Nest Cotton Baby Bedding for New Born & Infant Portable Bassinet for Baby Carrying & co Sleeping Unisex Baby Sleeping Bed 804 - Brown,1,779,779,Nursery,Blankets  Wrappers & Sleeping Bags,NEW COMERS,654,16
3028051,Baby Chair Bear Print - Pink (Print may vary),1,795,795,Nursery,Kids Furniture,Fab N Funky,0,0
14431189,Babyhug Bunny 2 In 1 Walker Cum Rocker With 3 Adjustable Height & Musical Play Tray With Lights-Grey,1,4195,4195,Baby Gear,Baby Walkers,Babyhug,2810,33
16096388,Babyhug Leo 3 Wheel Kids Kick Scooter with Foldable Seat with LED Wheels & Wide Deck with 3 Level Adjustable Handlebar - Green| Lean-to-Steer| Toy for 3 to 12 year Boys and Girls| Gifting Option,1,2995,2995,Baby Gear,Ride-ons & Scooters,Babyhug,1946,35
3106219,Babyhug Portable Baby Mosquito Net Medium- Pink,1,989,989,Nursery,Mosquito Nets,Babyhug,652,34
17429269,Babyhug Disney Foldable Storage Box with Lid Skating Mickey Theme- Black| Collapsible Design| Versatile Use| Toys and Books Organizer| Trendy Storage Solution,1,699,699,Nursery,Storage & Organization,Babyhug Disney,460,34
1180832,Firstcry Baby On Board Sign - Yellow,1,149,149,Baby Gear,Baby Car Seats,Babyhug,386,35
14200426,Babyhug Single Ply Mink Blanket City Print - Grey,1,425,425,Nursery,Blankets  Wrappers & Sleeping Bags,Babyhug,280,34
11395691,Fun Homes Disney Mickey Team Non Woven Foldable Cloth Storage Organiser with Lid Extra Large - Black,1,999,999,Nursery,Storage & Organization,Disney By Kuber,0,0
13808865,Baby Stroller/Highchair/Car Seat Cushion Protective Film Breathable Cushion - Blue,1,595,595,Baby Gear,High Chairs & Booster Seats,Babyhug,2215,16
3231568,Multi- Functional Wall Hook - (Color & Character May Vary),1,295,295,Nursery,Storage & Organization,Fab N Funky,185,37
18076322,Babyhug 3 Layer High Density Plastic Storage Cabinet - Blue & White | Durable & Spacious Organizer for Kids Room | Easy to Use & Clean | Child-Safe Material | Ideal for Toys & Clothes | BIS Certified,1,5999,5999,Nursery,Storage & Organization,Babyhug,0,0
20505899,Babyhug 100% Cotton Cot Bumper Panda Print Regular - Grey (Cot not Included)| Protective Padding| Soft & Cozy| Washable| Easy to Assemble| Compact Folding & Storage| Prevents Bumping into Sides,1,1699,1699,Nursery,Baby Bedding Sets & Pillows,Babyhug,1053,38
9326883,Babyhug All Season Cotton Cellular Blanket - White,1,895,895,Nursery,Blankets  Wrappers & Sleeping Bags,Babyhug,571,36
3575706,Babyhug Doremon Gyro Swing Car - Red Blue,1,2645,2645,Baby Gear,Ride-ons & Scooters,Babyhug,3363,49
10408493,Baby Rocker Cum Bouncer - Light Grey,1,6595,6595,Baby Gear,Bouncers  Rockers & Swings,Fab N Funky,3363,49
19881907,Babyhug Cotton Sleeping Bag with Sunny Day Print - White,1,799,799,Nursery,Blankets  Wrappers & Sleeping Bags,Babyhug,551,31
10408493,Babyhug Super Harley Kids Three Wheel Battery Operated Ride on Bike With Music & Lights - Red,1,15995,15995,Baby Gear,Ride-ons & Scooters,Babyhug,1911,42
18990339,Kids Swing Car With Light & Music - White| Easy to Handle| Built for Rough Play| Encourages Physical Activity| Smooth PU Wheels,1,3295,3295,Baby Gear,Ride-ons & Scooters,Fab N Funky,3117,48
3004065,Babyhug 3 in 1 Comfy High Chair - Green| High Chair  Feeding Chair & Booster Chair| Adjustable Double Food Tray| Removable PU Leather Seat| Safety Harness| Removable Footrest,1,5995,5995,Baby Gear,High Chairs & Booster Seats,Babyhug,3388,36
18457003,Babyhug Premium All Season Coral Blanket with Star Print - Grey,1,749,749,Nursery,Blankets  Wrappers & Sleeping Bags,Babyhug,396,47
14116024,Babyhug Amber Ace Car Seat Cum Carry Cot With Mosquito Net with 1 Year Warranty - Yellow| Rocker & Feeding Chair| Adjustable Handle Position| Safety Harness| Removable Canopy & Mosquito Net| Soft Padded Cushion| Removable & Washable Seat Cover,1,5295,5295,Baby Gear,Baby Car Seats,Babyhug,957,40
18481894,Baby Panda Deluxe Ride-On with LED Lights & Music and Under Seat Storage - Pink,1,1595,1595,Baby Gear,Ride-ons & Scooters,Fab N Funky,957,40
11569957,Babyhug Cotton Fix Pillow Mat With Car Print - Blue| Soft and Comfortable|  Light Weight and Travel Friendly| Foldable| New Born Gifting Option| For Boys and Girls| Use on Floor Cribs Cots or Cradle| 100% Cotton Fabric,1,895,895,Nursery,Baby Bedding Sets & Pillows,Babyhug,690,22
18752921,Babyhug Luxe Lift 4-in-1 Ergonomic Hip Seat Carrier: Padded Waist Support  Adjustable Straps  4 Carrying Positions  Side Storage & Optimal Weight Distribution  For Babies 5 Months+ up to 15 kg - Blue,1,2199,2199,Baby Gear,Baby Carriers,Babyhug,1363,38
18704125,Brandonn Wearable Hooded Baby Swaddle Blanket - Navy Blue,1,999,999,Nursery,Blankets  Wrappers & Sleeping Bags,BRANDONN,318,68
14291325,Babyhug Study Table & Chair Set with Height Adjustment  Pink| Reading Frame| Comfortable Backrest| Easy to Assemble| Easy to Clean and Maintain,1,6995,6995,Nursery,Kids Furniture,Babyhug,4616,34
3106218,Babyhug Portable Baby Mosquito Net Medium  - Blue,1,989,989,Nursery,Mosquito Nets,Babyhug,632,36
17429272,Babyhug Marvel Foldable Storage Box with Lid Spider Man Theme- Red| Collapsible Design| Versatile Use| Toys and Books Organizer,1,699,699,Nursery,Storage & Organization,Babyhug Marvel,460,34
9045465,Babyhug Premium Bolster Set of 2 Travel Print - Multicolor,1,695,695,Nursery,Baby Bedding Sets & Pillows,Babyhug,490,29
3080063,Babyhug Majestic Stroller Cum Carry Cot With Canopy - Peach,1,14995,14995,Baby Gear,Baby Strollers & Prams,Babyhug,1497,50
13186490,Plug & Play Kids Tricycle with Height Adjustable Parental Handle & Seat Belt - Blue,1,2995,2995,Baby Gear,Tricycles & Bikes,Fab N Funky,3745,6
15384034,2 in 1 Rocker Cum Chair with Safety Handle - Blue Green,1,3995,3995,Baby Gear,Ride-ons & Scooters,Fab N Funky,,0
15677763,Babyhug Foldable Storage Bin Bunny On Tree Print- Orange,1,499,499,Nursery,Storage & Organization,Babyhug,339,32
10481007,Babyhug U Shaped Pillow Stripe Print - Multicolour,1,355,355,Nursery,Baby Bedding Sets & Pillows,Babyhug,254,28
19830122,Funride Kids Scooter Road Runner Three Wheel Kick Scooters  with Adjustable Height and Rear Brake  3 Wheels Skate - Blue,1,1980,1980,Baby Gear,Ride-ons & Scooters,Funride,0,0
20746209,Babyhug Super Soft Coral Fleece Baby Blanket  Sky Blue| Ultra-Soft  Lightweight & Breathable Blanket For Newborns & Toddlers| Warm  Hypoallergenic & Machine Washable For All-Season Comfort| Quick Dry,1,599,599,Nursery,Blankets  Wrappers & Sleeping Bags,Babyhug,389,35
3765051,Babyhug Food Tray and Cushion Set Elephant Print - Green Blue,1,1295,1295,Baby Gear,High Chairs & Booster Seats,Babyhug,751,42
11178490,StarAndDaisy Multifunctional Intelligent Early Education Baby Walker - Blue,1,4499,4499,Baby Gear,Baby Walkers,StarAndDaisy,2098,53
18114588,Yellow Apple Fleece Solid Baby Blanket - Navy Blue,1,499,499,Nursery,Blankets  Wrappers & Sleeping Bags,Yellow Apple,345,30
12832688,Baby Multi Function Adjustable Height Baby Walker with Toy Bar & Music - Grey White| Smooth Swivel Wheels| Compact Fold,1,4495,4495,Baby Gear,Baby Walkers,Fab N Funky,3764,16
17376978,Baby Swing with 3-Point Safety Harness (Colour May Vary),1,9495,9495,Baby Gear,Bouncers  Rockers & Swings,Fab N Funky,5696,40
299712,Mothertouch Round Walker - Red,1,1600,1600,Baby Gear,Baby Walkers,Mothertouch,1392,13
9337444,Babyhug 100% Cotton Sleeping Bag cum Carry Nest Polka Dots - Pink,1,795,795,Nursery,Blankets  Wrappers & Sleeping Bags,Babyhug,564,29
3342855,Babyhug Portable Baby Mosquito Net Small - Pink,1,919,919,Nursery,Mosquito Nets,Babyhug,606,34
17182208,Babyhug Booster Cushion - Blue,1,595,595,Baby Gear,High Chairs & Booster Seats,Babyhug,386,35
3193990,Babyhug Spring 5 in 1 Carry Cot Cum Rocker With Mosquito Net - Cream,1,3595,3595,Baby Gear,Baby Carrycots,Babyhug,2947,18
11879503,Bonfino Premium Cotton Single Ply Wrapper Set of 2 Honey Bee Print - Yellow,1,1049,1049,Nursery,Blankets  Wrappers & Sleeping Bags,Bonfino,555,47
11506302,Babyhug  Plug & Play Stallion Tricycle With Parental Push Handle & Foldable Canopy - Black,1,4795,4795,Baby Gear,Tricycles & Bikes,Babyhug,2541,47
3042025,Babyhug Multifunction Chair Cum Study Table - Multicolor| Easy to Assemble| Light Weight| Indoor & Outdoor Use,1,5495,5495,Nursery,Kids Furniture,Babyhug,0,0
3442044,Babyhug Adore 5-in-1 Hip Seat Baby Carrier: Ergonomic  Breathable fabric  Padded straps  Foldable headrest  Secure waist belt  5 carry positions  and storage pockets for babies up to 15 kg-Green,1,2895,2895,Baby Gear,Baby Carriers,Babyhug,2518,13
2810516,Babyhug Premium 2 Layered Baby Muslin Blanket Rocket Print - Multicolor,1,1395,1395,Nursery,Blankets  Wrappers & Sleeping Bags,Babyhug,781,44
333408,Babyhug Teddy Print Baby Jumbo Bedding Set With Mosquito Net - Pink,1,1395,1395,Nursery,Mosquito Nets,Babyhug,982,29
18114583,Yellow Apple Hooded Blanket cum Wrapper - Rust,1,899,899,Nursery,Blankets  Wrappers & Sleeping Bags,Yellow Apple,631,29
16004092,Babyhug 100% Cotton Vehicle Embroidered Hooded Wrapper - Yellow,1,425,425,Nursery,Blankets  Wrappers & Sleeping Bags,Babyhug,0,
9054477,Babyhug Premium Knitted 100% Cotton All Season Blanket Polar Elephant Print - Blue White,1,995,995,Nursery,Blankets  Wrappers & Sleeping Bags,Babyhug,626,37
13287234,R for Rabbit Tiny Toes T40 Ace Tricycles for Kids with Premium EVA Wheels  360  Rotatable Seat  Storage Basket & Canopy | Baby Trike Cycle for 1.5 to 5 Years  Upto 25 Kg Boy & Girl (Grey Black),1,6462,6462,Baby Gear,Tricycles & Bikes,R for Rabbit,4975,23
13083630,R for Rabbit Tiny Toes T30 Ace Tricycle for Kids with Premium EVA Wheels  Canopy  Adjustable Parental Control & Storage Basket | Baby Trike Cycle for 1.5 to 5 Years  Upto 25 Kg Boy & Girl (Denim Blue),1,6183,6183,Baby Gear,Tricycles & Bikes,R for Rabbit,4869,21
628765,Babyhug Froggy Gyro Swing Car With Easy Steering Wheel - Yellow,1,2695,2695,Baby Gear,Ride-ons & Scooters,Babyhug,2257,16
19254149,6 in 1 Baby Cot with Rocking Function  Parent Bed Attachment  Study Table  Diaper Changing Station & Storage - Non-Toxic Finish - Sustainable New Zealand Pinewood - Convertible - Long Next to Bed Crib - Safe & Versatile for 0 to 3 Years - Tan,1,15995,15995,Nursery,Baby Furniture,Fab N Funky,9916,38
15161216,Babyhug Travel Compact Baby Stroller with Reversible Handle Adjustable Backrest & Canopy - Yellow| Concealed Link Brake| Suspension Wheels,1,7995,7995,Baby Gear,Baby Strollers & Prams,Babyhug,5516,31
9160291,Babyhug Premium 100% Cotton Embroidered Quilt In Farm Theme - Multicolor,1,2095,2095,Nursery,Blankets  Wrappers & Sleeping Bags,Babyhug,1602,23
8246152,Babyhug 100% Cotton Cot Bumper Panda Print Regular - Grey (Cot not Included),1,2095,2095,Nursery,Baby Bedding Sets & Pillows,Babyhug,1478,29
17885209,Hanger With 8 Clips -Yellow,1,245,245,Nursery,Storage & Organization,Fab N Funky,147,40
19212850,Babyhug Disney Premium Cotton Bedding Set With Bolsters and Head Pillow Cool Mickey Theme - Red,1,2099,2099,Nursery,Baby Bedding Sets & Pillows,Babyhug Disney,1007,52
21008971,Babyhug Marvel Spider Man Kids 3 Wheel Scooter with Attractive Led Wheels|Compact Fold| Lean-to-Steer| Gifting Option| Physical Activity - Red & Blue,1,1995,1995,Baby Gear,Ride-ons & Scooters,Babyhug Marvel,997,50
2554854,Babyhug Foldable 4 Shelved Almirah With Wheels Mermaid Life Print - Light Blue,1,2795,2795,Nursery,Storage & Organization,Babyhug,2031,27
12308966,Babyhug Car Shape Manual Push Ride On With Storage - Red,1,3195,3195,Baby Gear,Ride-ons & Scooters,Babyhug,0,0
1464138,Babyhug 2 in 1 Rock and Roll Stroller Cum Rocker - Green,1,8495,8495,Baby Gear,Baby Strollers & Prams,Babyhug,6965,18
3232543,Suction Hooks Pack of 2 - Blue  (Print May Vary),1,125,125,Nursery,Storage & Organization,Fab N Funky,58,53
21587646,Babyhug Kids Twister Swing Car with Comfortable Seat - Blue & Yellow| Easy to Handle| Built for Rough Play| Encourages Physical Activity| Smooth Wheels| For Kids of 3 to 8 years| Sport Gift,1,1595,1595,Baby Gear,Ride-ons & Scooters,Babyhug,1020,36
21015572,Peppa Deluxe Manual Push Ride-On with LED Lights & Music -Blue| Secret Storage| Toy for 1 to 4 Years Boys & Girls| Durable Non-Toxic Material| Comfortable Seat| Activity Gift| Foot-to-Floor Operation,1,1595,1595,Baby Gear,Ride-ons & Scooters,Fab N Funky,877,45
10443224,R for Rabbit Candy Pop Baby Booster Chair  2 in 1 Kids Feeding Chair with 4 Level Height Adjustment  3 Point Safety Belt and Removable Dining Tray for Age 6 Months 3 Years Infants (Beige),1,3699,3699,Baby Gear,High Chairs & Booster Seats,R for Rabbit,2820,24
598839,R for Rabbit Jack N Jill Convertible Car Seat,1,6993,6993,Baby Gear,Baby Car Seats,R for Rabbit,5337,24
2580430,Babyhug Melody Stroller With Reversible Handle & Canopy - Maroon,1,8495,8495,Baby Gear,Baby Strollers & Prams,Babyhug,7114,16
21168960,Disney by Baby Tales Crib Bedding Set With Mermaid Print - Blue,1,3199,3199,Nursery,Baby Bedding Sets & Pillows,Disney by Shreeyasha Apparels,0,0
16628392,Babyhug RANGER 4X4 Battery Operated Ride On Jeep with Music & LED Lights - Blue,1,23995,23995,Baby Gear,Ride-ons & Scooters,Babyhug,0,0
16426881,Babyhug Sherin & Poly Wool All Season Blanket Baby Alphabet Print- Pink,1,695,695,Nursery,Blankets  Wrappers & Sleeping Bags,Babyhug,458,34
1281990,Babyhug Angel Dreams Cradle With Storage Basket & Mosquito Net - Blue,1,6995,6995,Nursery,Baby Furniture,Babyhug,6087,12
2765636,Babyhug Premium Cotton Hooded Wrapper Princess Theme - Multicolor,1,1195,1195,Nursery,Blankets  Wrappers & Sleeping Bags,Babyhug,,
18481897,Baby Panda Deluxe Ride-On with LED Lights & Music and Under Seat Storage - Blue Grey,1,1595,1595,Baby Gear,Ride-ons & Scooters,Fab N Funky,872,27
8010676,Mothertouch Smiely Round Walker With Toy Bar - White Red,1,1600,1600,Baby Gear,Baby Walkers,Mothertouch,1392,13
20586287,Babyhug Sherin & Poly Wool All Season Blanket Elephant Print - Beige| New Born| Toddler Blanket| Baby Skin Friendly| Super Soft Wool| Machine Washable| Breathable Fabric| Warm and Cozy| Boys & Girls,1,695,695,Nursery,Blankets  Wrappers & Sleeping Bags,Babyhug,458,34
9337488,Babyhug 100% Cotton Hooded Quilted Wrapper Moon Print - Blue,1,645,645,Nursery,Blankets  Wrappers & Sleeping Bags,Babyhug,452,29
2765642,Babyhug Premium Cotton Baby Nest Bag Princess Theme - Multicolor,1,1245,1245,Nursery,Blankets  Wrappers & Sleeping Bags,Babyhug,659,47
20886505,3 in 1 Baby Rocker & Ride on Toy Car for Kids - Green| Manual Push Ride| Balancing Board| Anti Slip Handle| Rocking Chair for Toddlers| Indoor Outdoor Rocker for Babies 1-3 Years,1,3999,3999,Baby Gear,Ride-ons & Scooters,Fab N Funky,2359,41
14233179,Babyhug 100% Cotton Digital Printed Cot Bumper Unicorn Theme -Pink,1,1999,1999,Nursery,Baby Bedding Sets & Pillows,Babyhug,1299,35
1339711,Babyhug Kelly Wooden Cot with Detachable Bassinet & Mosquito Net  Natural| Adjustable Height| Wheels for Easy Movement| Easy to Assemble| Foldable Side Rail| Foldable Table|  Storage Space,1,17995,17995,Nursery,Baby Furniture,Babyhug,12416,31
3557928,Babyhug Food Tray & Cushion Multiprint - White,1,1295,1295,Baby Gear,High Chairs & Booster Seats,Babyhug,673,48
1730142,Babyhug Easy Travel Cabin Stroller With Z-Fold & Trolley Handle - Blue,1,9995,9995,Baby Gear,Baby Strollers & Prams,Babyhug,6496,35
11528684,Babyhug Stalwart Plug & Play Tricycle with Seat Cover - Teal Blue,1,4395,4395,Baby Gear,Tricycles & Bikes,Babyhug,2461,44
12818106,Babyhug Battery Operated Ride On Car with Music & Lights - Green,1,19995,19995,Baby Gear,Ride-ons & Scooters,Babyhug,0,0
8038630,Babyhug Single Ply Mink Blanket Teddy Print (Color May Vary),1,425,425,Nursery,Blankets  Wrappers & Sleeping Bags,Babyhug,267,37
11301811,Babyhug Hooded Wrapper Striped - Blue,1,1695,1695,Nursery,Blankets  Wrappers & Sleeping Bags,Babyhug,1101,35
2158347,Fisher Price Mattress Set Lion & Elephant Print Multi Colour - 4 Pieces,1,1999,1999,Nursery,Baby Bedding Sets & Pillows,Fisher Price By NB,0,0
8038636,Babyhug Single Ply Mink Blanket Geometric Print (Color May Vary),1,425,425,Nursery,Blankets  Wrappers & Sleeping Bags,Babyhug,267,37
3218773,Babyhug 100% Cotton Hooded Wrapper Bear Print - Orange,1,595,595,Nursery,Blankets  Wrappers & Sleeping Bags,Babyhug,392,34
14699179,My Milestones 100% Cotton Interlock Hooded Baby Wrapper Apple Print Pack of 2 - Yellow & White,1,1095,1095,Nursery,Blankets  Wrappers & Sleeping Bags,My Milestones,1007,8
14599601,Babyhug Orbit Swing Car with Light & Music - Pink,1,2895,2895,Baby Gear,Ride-ons & Scooters,Babyhug,1795,38
3193992,Babyhug Spring 5 in 1 Carry Cot Cum Rocker With Mosquito Net - Blue,1,3595,3595,Baby Gear,Baby Carrycots,Babyhug,2947,18
11849208,Babyhug Laugh & Learn Multifunctional 2 in 1 Baby Walker With anti Fall Protection & Adjustable Height Without Foot Mat- Light Green & White,1,5995,5995,Baby Gear,Baby Walkers,Babyhug,5995,0
17426904,3 in 1 Baby Horse Rider Kids Ride On Car for Kids Push Ride on Toy with Rocker Push Handle  Rotating Head & Safety Bar - Blue,1,2995,2995,Baby Gear,Ride-ons & Scooters,Fab N Funky,1856,38
11879505,Bonfino Premium Cotton Single Ply Wrapper Set of 2 Transport Print - Blue,1,1049,1049,Nursery,Blankets  Wrappers & Sleeping Bags,Bonfino,660,37
15677764,Babyhug Foldable Storage Bin Baby Astronaut Print- Black,1,499,499,Nursery,Storage & Organization,Babyhug,349,30
3232544,Suction Hooks Ocean Print Pack of 2 (Print & Colour May Vary),1,145,145,Nursery,Storage & Organization,Fab N Funky,68,46
15862912,Babyhug Premium Bronco 3 in 1 Rocking Dino cum Ride on- Yellow| Baby Rocking Horse Ride on Toy for Kids| Push Ride on Toy for Kids 9 Months+| Develop Fine Motor Skills| BIS Certified,1,2495,2495,Baby Gear,Ride-ons & Scooters,Babyhug,1199,51
11849202,Babyhug Unicorn Foldable Baby Walker Cum Rocker With Parent Push Handle & Sun Shade - Brown,1,5995,5995,Baby Gear,Baby Walkers,Babyhug,0,0
3206348,Babyhug Deuce Twin Stroller - Red,1,10995,10995,Baby Gear,Baby Strollers & Prams,Babyhug,,
11569956,Babyhug Cotton Fix Pillow Mat With Car Print - Pink| Soft and Comfortable|  Light Weight and Travel Friendly| Foldable| New Born Gifting Option| For Boys and Girls| Use on Floor Cribs Cots or Cradle| 100% Cotton Fabric,1,895,895,Nursery,Baby Bedding Sets & Pillows,Babyhug,670,25
17182207,Babyhug Booster Cushion - Pink| Easy to Install| Wipe Clean| Soft & Comfortable,1,595,595,Baby Gear,High Chairs & Booster Seats,Babyhug,386,35
9045463,Babyhug Premium U Shape Pillow Fish Print - Blue,1,325,325,Nursery,Baby Bedding Sets & Pillows,Babyhug,,
14116025,Babyhug Amber Ace Car Seat Cum Carry Cot With Mosquito Net with 1 Year Warranty - Red| Rocker & Feeding Chair| Adjustable Handle Position| Safety Harness| Removable Canopy & Mosquito Net| Soft Padded Cushion| Removable & Washable Seat Cover,1,5295,5295,Baby Gear,Baby Car Seats,Babyhug,3388,36
20257078,Babyhug Lightweight Single Ply Mink Blanket Avacado Print - Blue,1,425,425,Nursery,Blankets  Wrappers & Sleeping Bags,Babyhug,255,40
13859803,Babyhug Single Ply Mink Blanket Sheep Print - Navy Blue,1,425,425,Nursery,Blankets  Wrappers & Sleeping Bags,Babyhug,276,35
15433693,Baby On Board Sticker - Yellow,1,195,195,Baby Gear,Baby Car Seats,Fab N Funky,118,39
17429266,Babyhug Marvel Foldable Storage Bin Spider Man Theme- Red,1,599,599,Nursery,Storage & Organization,Babyhug Marvel,365,39
19186960,Kids Swing Car with Light & Music - Green,1,2595,2595,Baby Gear,Ride-ons & Scooters,Fab N Funky,1608,38
19876474,Fire Fighter Theme Manual Push Ride On With Music - Red,1,1749,1749,Baby Gear,Ride-ons & Scooters,Fab N Funky,1014,42
21587645,Babyhug Kids Twister Swing Car with Comfortable Seat - Pink & Dark Pink| Easy to Handle| Built for Rough Play| Encourages Physical Activity| Smooth Wheels| For Kids of 3 to 8 years| Sport Gift,1,1595,1595,Baby Gear,Ride-ons & Scooters,Babyhug,1020,36
14233180,Babyhug 100% Cotton Digital Printed Cot Bumper Travel Theme -Multicolour,1,1999,1999,Nursery,Baby Bedding Sets & Pillows,Babyhug,1339,33
11864638,Kids Travel Suitcase Trolley Bag with Wheels - 18 Inches luggage & 15 Inches Backpack| Shock Resistant| Telescopic Handle| Water Resistant| Easy Zipper Closure| Smooth Durable Wheels| Padded Shoulder Strap,1,5995,5995,Nursery,Travel Accessories,Fab N Funky,3597,40
2158349,Fisher Price Mattress Set Panda & Giraffe Print Multi Colour - 4 Pieces,1,1999,1999,Nursery,Baby Bedding Sets & Pillows,Fisher Price By NB,1739,13
11506300,Babyhug  Plug & Play Stallion Tricycle with Parental Push Handle & Foldable Canopy - Red Black,1,4795,4795,Baby Gear,Tricycles & Bikes,Babyhug,2924,39
11616315,Babyhug Zest Musical Baby Walker With Adjustable Height anti Fall Protection & Toy Bar- Black White,1,6995,6995,Baby Gear,Baby Walkers,Babyhug,5858,16
3106541,Babyhug Portable Baby Mosquito Net Large  - Blue,1,1069,1069,Nursery,Mosquito Nets,Babyhug,,
2580431,Babyhug Melody Stroller With Reversible Handle & Canopy - Black,1,8495,8495,Baby Gear,Baby Strollers & Prams,Babyhug,5606,34
13854770,Babyhug 100% Premium Cotton Baby Bedding Set Car Print- Pink| New Born Gifting Option| For Boys and Girls| Pillow and Bolsters| Light Weight and Travel Friendly| Baby Safe Material| Delicate on Babys skin| Versatile Use| Use on Floor Cribs Cots or C,1,1599,1599,Nursery,Baby Bedding Sets & Pillows,Babyhug,1103,31
8077250,Babyhug Sherin & Poly Wool All Season Blanket Vehicle Design - Multicolor (Blankets Fur Color May Vary),1,695,695,Nursery,Blankets  Wrappers & Sleeping Bags,Babyhug,385,44
17515363,Smart Portable with Safety Lock Playpen with Play Gate Fence - Pink,1,4495,4495,Nursery,Baby Furniture,Fab N Funky,2876,36
8385310,Babyhug Premium Sleeping Bag Unicorn Print - Pink,1,1299,1299,Nursery,Blankets  Wrappers & Sleeping Bags,Babyhug,922,29
3343174,Babyhug Portable Baby Mosquito Net Medium - Yellow,1,795,795,Nursery,Mosquito Nets,Babyhug,524,34
18305334,NEW COMER 3 in 1 Baby Bed Sleeping Bag & Carry Nest Infant Portable Bassinet for Baby Carrying-pink,1,779,779,Nursery,Blankets  Wrappers & Sleeping Bags,NEW COMERS,654,16
650956,Babyhug Baby Panda Gyro Swing Car With Steering Wheel - Black & White,1,2695,2695,Baby Gear,Ride-ons & Scooters,Babyhug,2257,16
2288081,Babyhug Lion Print 2 in 1 Cradle cum bassinet with Mosquito Net and Swing Lock function - Pink,1,7995,7995,Nursery,Baby Furniture,Babyhug,5196,35
3036152,Babyhug Cotton Bedding Set Vehicle Print - Red,1,1595,1595,Nursery,Baby Bedding Sets & Pillows,Babyhug,1164,27
12275584,Babyhug Cotton Cot Bumper Soccer Print -Green,1,1999,1999,Nursery,Baby Bedding Sets & Pillows,Babyhug,1301,34
16096394,Babyhug Deer Theme Kids Kick Scooter with LED Wheels Wide Standing Deck & 3 Level Height Adjustment - Yellow Orange,1,3195,3195,Baby Gear,Ride-ons & Scooters,Babyhug,0,0
9160294,Babyhug Premium 100% Cotton Embroidered Quilt In Transport Theme - Multicolor| Soft and Comfortable| Breatable Fabric| New Born Gifting Option| Light Weight and Foldable| Travel Friendly| Machine Washable,1,2095,2095,Nursery,Blankets  Wrappers & Sleeping Bags,Babyhug,1403,33
17744542,Babyhug Disney Minnie Printed Playpen - Pink,1,7995,7995,Nursery,Baby Furniture,Babyhug Disney,3357,58
3036146,Babyhug Sleeping Bag Parkland Print - Multicolor,1,895,895,Nursery,Blankets  Wrappers & Sleeping Bags,Babyhug,628,29
18469237,Babyhug Disney Swaddle Cool Mickey Print Set of 2 - Blue & White,1,1099,1099,Nursery,Blankets  Wrappers & Sleeping Bags,Babyhug Disney,802,27
9333728,Babyhug Cotton Head Shaping 1 Kg Mustard Seeds/Rai Pillow Car Print - Navy Blue,1,595,595,Nursery,Baby Bedding Sets & Pillows,Babyhug,434,27
18114587,Yellow Apple Fleece Solid Baby Blanket - Beige,1,499,499,Nursery,Blankets  Wrappers & Sleeping Bags,Yellow Apple,397,20
2810519,Babyhug Premium 3 Layered Baby Muslin Blanket Car Print -Navy Blue,1,1795,1795,Nursery,Blankets  Wrappers & Sleeping Bags,Babyhug,1220,32
19002897,Baby Walker with Height & Seat Adjustment - Pink,1,2495,2495,Baby Gear,Baby Walkers,Fab N Funky,0,0
19664999,R for Rabbit Iya Iya Aero Kids Swing Car  Scratch Free PU LED Wheels with ABEC7 Bearing  Baby Ride on Magic Toy Panda Car for 2+ Years Boys & Girls  Upto 75 Kgs (Blue Orange),1,2493,2493,Baby Gear,Ride-ons & Scooters,R for Rabbit,1997,19
13126872,Babyhug Small One Day Trip Trolley Bag Princess and Unicorn Print - 18 Inches,1,4595,4595,Nursery,Travel Accessories,Babyhug,3032,34
9359818,Babyhug Multipurpose Strong & Durable Chair With Handle- Green,1,725,725,Nursery,Kids Furniture,Babyhug,501,30
14233174,Babyhug 100% Cotton Digital Printed Crib Bedding Set Unicorn Theme - Pink,1,5499,5499,Nursery,Baby Bedding Sets & Pillows,Babyhug,3794,31
1793237,Babyhug Light Weight Comfy Bouncer With Music & Calming Vibrations Animal Print - Blue Green (Without Toys),1,4495,4495,Baby Gear,Bouncers  Rockers & Swings,Babyhug,0,0
20463079,NEW COMERS Baby Bedding Set for New Born Pure Cotton 6 Pieces Foldable Gadda Set Sea Blue),1,1499,1499,Nursery,Baby Bedding Sets & Pillows,NEW COMERS,1199,20
15649583,R for Rabbit Little Genius Woodland Baby Study Table & Chair Set for 3-7 Years Kids  Height Adjusment Plug & Play Installation Kids Desk Set Upto 50kgs Weight Capacity -  White),1,6993,6993,Nursery,Kids Furniture,R for Rabbit,5586,20
11135853,Animal Print Manual Push Ride On - Red & Purple,1,1695,1695,Baby Gear,Ride-ons & Scooters,Fab N Funky,1050,38
2765634,Babyhug Premium Cotton Hooded Wrapper Jungle Theme - Multicolor,1,1195,1195,Nursery,Blankets  Wrappers & Sleeping Bags,Babyhug,812,32
20090068,JoyBoot Zoomie Sturdy Balance Bike Toddler Ride on|Manual Push Bike|with LED Lights & Music - Blue & Cream,1,1745,1745,Baby Gear,Ride-ons & Scooters,Fab N Funky,,
18994180,Kids Swing Car With Light & Music Fully Assembled| Easy to Handle| Built for Rough Play| Encourages Physical Activity| Smooth PU Wheels - Yellow,1,3595,3595,Baby Gear,Ride-ons & Scooters,Play Nation,1941,46
14116023,Babyhug Amber Ace Car Seat Cum Carry Cot With Mosquito Net with 1 Year Warranty - Grey| Rocker & Feeding Chair| Adjustable Handle Position| Safety Harness| Removable Canopy & Mosquito Net| Soft Padded Cushion| Removable & Washable Seat Cover,1,5295,5295,Baby Gear,Baby Car Seats,Babyhug,3388,36
11879511,Bonfino Premium Organic Cotton Swaddle Wraps with Cap Transport Print Set of 2 - Blue,1,1249,1249,Nursery,Blankets  Wrappers & Sleeping Bags,Bonfino,911,27
10696800,Babyhug Battery Operated Ride on Jeep With Light & Music - Grey,1,18995,18995,Baby Gear,Ride-ons & Scooters,Babyhug,0,0
2810520,Babyhug Premium 3 Layered Lightweight Baby Muslin Blanket Giraffe Print - Blue,1,1795,1795,Nursery,Blankets  Wrappers & Sleeping Bags,Babyhug,1461,18
18079869,R for Rabbit Marshmallow Lite Baby Feeding High Chair for Babies  6 Levels Smart Baby Feeding High Chair with(Aqua Pine),1,8451,8451,Baby Gear,High Chairs & Booster Seats,R for Rabbit,6965,17
3290386,Babyhug Montana Wooden Cot Cum Rocker with Mosquito Net - Cherry Red| Wheels with Lock| Storage Space| Adjustable Height| Openable Side Rail| Foldable Headboard| Attach to Parent Bed| Convert to Study Table,1,12995,12995,Nursery,Baby Furniture,Babyhug,9356,28
2973773,Babyhug Bloom High Chair with Footrest Animal Print - Red| Compact Fold| Safety Harness| Removable Cushion| Adjustable Feeding Tray| Wheels with Lock,1,6995,6995,Baby Gear,High Chairs & Booster Seats,Babyhug,3265,53
16654529,Babyhug Sherin & Poly Wool All Season Blanket Comforter Vehicle Print- Brown,1,695,695,Nursery,Blankets  Wrappers & Sleeping Bags,Babyhug,326,53
13126871,Babyhug Rock Star Kids Small 1 Day Trip  Trolley Bag Dino Print - 18 Inches,1,4595,4595,Nursery,Travel Accessories,Babyhug,2757,40
7778457,Detachable EVA Chair - Multicolor,1,1095,1095,Nursery,Kids Furniture,Fab N Funky,788,28
3036161,Babyhug Cotton Bedding Set with Mosquito Net Parkland Print - Multicolor,1,1795,1795,Nursery,Mosquito Nets,Babyhug,1325,26
11395694,Fun Homes Disney Mickey Mouse Non Woven Fabric Foldable Large Storage Cube - Maroon,1,599,599,Nursery,Storage & Organization,Disney By Kuber,0,0
10306418,Babyhug Premium Muslin Sleeping Bag Sports Print - Navy Blue,1,1299,1299,Nursery,Blankets  Wrappers & Sleeping Bags,Babyhug,857,34
3442043,Babyhug Cherish 5-in-1 Hip Seat Baby Carrier:  Ergonomic design with padded straps  Breathable fabric  Foldable head support  storage pockets  and 5 carrying positions for babies up to 15 kg-Blue,1,2895,2895,Baby Gear,Baby Carriers,Babyhug,2171,25
20090070,JoyBoot Zoomie Sturdy Balance Bike Toddler Ride on|Manual Push Bike|with LED Lights & Music - Black & Grey,1,1745,1745,Baby Gear,Ride-ons & Scooters,Fab N Funky,1064,39
10524089,Bonfino Runway Cabin Stroller in Linen Fabric - Beige,1,16495,16495,Baby Gear,Baby Strollers & Prams,Bonfino,9897,40
2371598,Babyhug Car Booster Seat (Color May Vary),1,1495,1495,Baby Gear,Baby Car Seats,Babyhug,971,35
10491908,Babyhug Head Shaping Mustard Seed Rai Pillow With Lavender Essential Oil Castle Print - Pink,1,895,895,Nursery,Baby Bedding Sets & Pillows,Babyhug,653,37
18305331,NEW COMER 3 in 1 Baby Bed Sleeping Bag & Carry Nest Infant Portable Bassinet for Baby Carrying-brown,1,779,779,Nursery,Blankets  Wrappers & Sleeping Bags,NEW COMERS,654,16
14378697,4-in-1 Multi-Functional Toddler Kids Balance Bicycle with Training Wheels & Pedals 11 Inch - Red & Blue,1,4995,4995,Baby Gear,Tricycles & Bikes,Fab N Funky,2822,43
18235400,Giggle Rider 4-IN-1 Force Trike cum Convertible Balance Bike with Music Lights & Polypropylene Frame with 3 Mute EVA Wheels & Big Wheel Hub with Multi-Gear Push Handle  -Brown,1,6795,6795,Baby Gear,Tricycles & Bikes,Fab N Funky,3533,48
14200428,Babyhug Single Ply Mink Blanket Polar Bear Print - Brown,1,425,425,Nursery,Blankets  Wrappers & Sleeping Bags,Babyhug,280,34
3106543,Babyhug Portable Baby Mosquito Net Large  - Green,1,1069,1069,Nursery,Mosquito Nets,Babyhug,726,32
10481013,Babyhug Bolster Set of 2 Vehicle Print - Multicolor,1,875,875,Nursery,Baby Bedding Sets & Pillows,Babyhug,656,25
11301814,Babyhug Hooded Wrapper Cow Applique - Blue,1,1795,1795,Nursery,Blankets  Wrappers & Sleeping Bags,Babyhug,1202,33
12073796,R for Rabbit Tiny Toes T20 Plus Tricycle for Kids with Rubber Wheels  Adjustable Parental Control  Seat Belt & Storage Basket | Baby Trike Cycle for 1.5 to 5 Year  Upto 25 Kg Boy & Girl (Red),1,5400,5400,Baby Gear,Tricycles & Bikes,R for Rabbit,4053,24
3232558,Tiger Shape Suction Hooks (Color & Character May Vary),1,175,175,Nursery,Storage & Organization,Fab N Funky,91,47
10792047,Babyhug Rapid Bicycle With Bell Blue Black - 14 inches,1,6995,6995,Baby Gear,Tricycles & Bikes,Babyhug,5875,16
14027400,Babyhug Velvet Lion Embroidered Lightweingt Bubble Blanket - Blue,1,899,899,Nursery,Blankets  Wrappers & Sleeping Bags,Babyhug,611,32
19212854,Babyhug Disney Premium Cotton Crib Bedding Set   Cool Mickey Theme Print Pack of 5 - Red And White,1,6599,6599,Nursery,Baby Bedding Sets & Pillows,Babyhug Disney,0,0
3290387,Babyhug Montana Wooden Cot Cum Rocker with Mosquito Net - Natural| Wheels with Lock| Storage Space| Adjustable Height| Openable Side Rail| Foldable Headboard| Attach to Parent Bed| Convert to Study Table,1,12995,12995,Nursery,Baby Furniture,Babyhug,9356,28
14249906,Babyhug Velour Sleeping Bag Unicorn Print - Pink,1,1099,1099,Nursery,Blankets  Wrappers & Sleeping Bags,Babyhug,771,29
14699618,R for Rabbit Cocoon The Smart Auto Swing  Adjustable Rocking Chair with Music  Hanging Toys  Mosquito Net  Electric Baby Bouncer seat for Newborn Baby  Infant (Grey Multi),1,13491,13491,Baby Gear,Bouncers  Rockers & Swings,R for Rabbit,10160,24
1217656,Babyhug Set Of 6 Hangers - Multicolor,1,225,225,Nursery,Storage & Organization,Babyhug,153,31
11569958,Babyhug Cot Bumpers Panda Print - Blue| Protective Padding| Soft and Comfortable| Washable| Easy to Assemble| Compact Folding for Storage| Prevents Bumping into Crib Sides,1,1595,1595,Nursery,Baby Bedding Sets & Pillows,Babyhug,1148,28
9160295,Babyhug Premium 100% Cotton Embroidered Quilt In Princess Castle Theme - Multicolor,1,2095,2095,Nursery,Blankets  Wrappers & Sleeping Bags,Babyhug,1602,23
9745339,Tinycare Baby Towel With Teddy Print - Orange White,1,284,284,Nursery,Blankets  Wrappers & Sleeping Bags,Tinycare,0,0
13050268,Babyhug Battery Operated Small Ride On Car with Scissor Doors Music & Light - Yellow| Openable Wing Doors| Wide Comfortable Seat| Pre-loaded Music with USB & AUX| Easy to Assemble| Easy to Operate| Forward & Reverse Drive| Rechargeable Battery,1,12995,12995,Baby Gear,Ride-ons & Scooters,Babyhug,0,0
2414160,Babyhug Cruise Convertible Reclining Car Seat With Side Impact Protection - Black,1,8995,8995,Baby Gear,Baby Car Seats,Babyhug,5666,37
3036145,Babyhug Sleeping Bag Cars Print - Red,1,895,895,Nursery,Blankets  Wrappers & Sleeping Bags,Babyhug,653,27
3086646,Babyhug Amber Car Seat Cum Carry Cot With Rocking Base with 1 Year Warranty - Black Blue,1,4795,4795,Baby Gear,Baby Car Seats,Babyhug,2972,38
3258517,Babyhug Premium Cotton Crib Bumper Large - Princess Theme (Cot not Included),1,2795,2795,Nursery,Baby Bedding Sets & Pillows,Babyhug,1911,31
19212865,Babyhug Disney Premium Cotton Quilt For Babies Minnie Mouse & Me Theme - Pink,1,2299,2299,Nursery,Blankets  Wrappers & Sleeping Bags,Babyhug Disney,0,0
13083631,R for Rabbit Tiny Toes T30 Ace Tricycles for Kids with Premium EVA Wheels  Canopy  Adjustable Parental Control & Storage Basket | Baby Trike Cycle for 1.5 to 5 Years  Upto 25 Kg Boy & Girl (Black),1,6183,6183,Baby Gear,Tricycles & Bikes,R for Rabbit,4869,21
725281,Babyhug Love Teddy Print Bassinet with Swing Lock Function and Detachable Inner Storage Basket  Blue| Storage Basket| Wheels with Lock| Mosquito Net,1,7995,7995,Nursery,Baby Furniture,Babyhug,5196,35
12796056,R for Rabbit Iya Iya Ace Kids Swing Car  Scratch Free PU Wheels  Ride on Magic Toys Car for Kids  Magic Twister Car for 3+ Years Boys & Girls  50 Kgs Weight Capacity (Green),1,3393,3393,Baby Gear,Ride-ons & Scooters,R for Rabbit,2562,24
124733,Babyhug Portable Baby Mosquito Net Small  - Yellow,1,745,745,Nursery,Mosquito Nets,Babyhug,506,32
18305329,NEW COMER 3 in 1 Baby Bed Sleeping Bag & Carry Nest Infant Portable Bassinet for Baby Carrying-white,1,779,779,Nursery,Blankets  Wrappers & Sleeping Bags,NEW COMERS,654,16
3231570,Multi- Functional Wall Hook (Color & Character May Vary),1,275,275,Nursery,Storage & Organization,Fab N Funky,129,53
2580433,Babyhug Melody Stroller With Reversible Handle & Canopy -  Grey,1,8495,8495,Baby Gear,Baby Strollers & Prams,Babyhug,5436,36
11775216,Babyhug 100% Cotton Hooded  Wrapper Car Print - Red & White,1,445,445,Nursery,Blankets  Wrappers & Sleeping Bags,Babyhug,307,31
13145648,Babyhug Canvas Storage Bag Dino Print- Blue,1,645,645,Nursery,Storage & Organization,Babyhug,0,0
3453113,Babyhug Expedition 3 in 1 Convertible Car Seat With Recliner with 1 Year Warranty - Grey,1,7595,7595,Baby Gear,Baby Car Seats,Babyhug,4860,36
15426020,Multi-Functional Portable Feeding Highchair Plastic With 2 Level Height Adjustment - White| Removable Footrest| Safety Harness| Comfortable Seat,1,1995,1995,Baby Gear,High Chairs & Booster Seats,Fab N Funky,,
20352083,Babyhug 4 in 1 Convertible Baby Cot with Rocking Function| Parent Bed Attachment| Study Table| Wheels with Lock| New Zealand Pinewood| Non-Toxic Finish| Mosquito Net - Beige,1,9995,9995,Nursery,Baby Furniture,Babyhug,7196,28
2810522,Babyhug Premium 3 Layered Baby Muslin Blanket Rocket Print -Multicolor,1,1795,1795,Nursery,Blankets  Wrappers & Sleeping Bags,Babyhug,1130,37
124735,Babyhug Portable Baby Mosquito Net Small  - Green,1,919,919,Nursery,Mosquito Nets,Babyhug,588,36
9543090,Babyhug 100% Premium Cotton Pillow Bolster & Diaper Changing Mat Set of 4 - Polka Dots Blue,1,1145,1145,Nursery,Baby Bedding Sets & Pillows,Babyhug,858,25
11506303,Babyhug Plug & Play Stallion Tricycle with Parental Push Handle & Foldable Canopy - Teal Blue,1,4795,4795,Baby Gear,Tricycles & Bikes,Babyhug,3068,36
9045464,Babyhug Premium Bolster Set of 2 Unicorn Print - Pink| 100% Cotton Outer Cover| Safe Sleep| Girls and Boys| Protection from Crib Railing| New Born Gifting Option,1,695,695,Nursery,Baby Bedding Sets & Pillows,Babyhug,445,35
16085361,Plug & Play Tricycle With Parental Push Handle & Cushion Seat Guardrail - Orange,1,3595,3595,Baby Gear,Tricycles & Bikes,Fab N Funky,1905,47
2810518,Babyhug Premium 3 Layered Baby Muslin Blanket Racoon Print - Orange,1,1795,1795,Nursery,Blankets  Wrappers & Sleeping Bags,Babyhug,1220,32
2810518,Babyhug Premium 3 Layered Baby Muslin Blanket Racoon Print - Orange,1,1795,1795,Nursery,Blankets  Wrappers & Sleeping Bags,Babyhug,1220,32
18729974,Brandonn Hooded Wrappers Pack of 2 - Blue (Design & Colour May Vary),1,999,999,Nursery,Blankets  Wrappers & Sleeping Bags,BRANDONN,269,73
18729974,Brandonn Hooded Wrappers Pack of 2 - Blue (Design & Colour May Vary),1,999,999,Nursery,Blankets  Wrappers & Sleeping Bags,BRANDONN,269,73
571666,Firstcry Baby On Board Sign - Blue,1,149,149,Baby Gear,Baby Car Seats,Babyhug,92,38
571666,Firstcry Baby On Board Sign - Blue,1,149,149,Baby Gear,Baby Car Seats,Babyhug,92,38
9337440,Babyhug 100% Cotton Sleeping Bag cum Carry Nest Zebra Print - Orange,1,795,795,Nursery,Blankets  Wrappers & Sleeping Bags,Babyhug,580,27
9337440,Babyhug 100% Cotton Sleeping Bag cum Carry Nest Zebra Print - Orange,1,795,795,Nursery,Blankets  Wrappers & Sleeping Bags,Babyhug,580,27
2288082,Babyhug Lion Print 2 in 1 Cradle cum bassinet with Mosquito Net and Swing Lock function - Blue,1,7995,7995,Nursery,Baby Furniture,Babyhug,5596,30
2288082,Babyhug Lion Print 2 in 1 Cradle cum bassinet with Mosquito Net and Swing Lock function - Blue,1,7995,7995,Nursery,Baby Furniture,Babyhug,5596,30
14604657,Baby On Board Car Sticker - White| Easy to Install| High Visibility| Weather ProofBaby On Board Car Sticker - White| Easy to Install| High Visibility| Weather Proof,1,85,85,Baby Gear,Baby Car Seats,Fab N Funky,68,20
14604657,Baby On Board Car Sticker - White| Easy to Install| High Visibility| Weather ProofBaby On Board Car Sticker - White| Easy to Install| High Visibility| Weather Proof,1,85,85,Baby Gear,Baby Car Seats,Fab N Funky,68,20
3218775,Babyhug Cotton Swaddle Wrapper Floral Print - Pink,1,545,545,Nursery,Blankets  Wrappers & Sleeping Bags,Babyhug,397,27
3218775,Babyhug Cotton Swaddle Wrapper Floral Print - Pink,1,545,545,Nursery,Blankets  Wrappers & Sleeping Bags,Babyhug,397,27
9721232,LuvLap Soft 100% Cotton Hooded Wrapper Cum Warm  Blanket  for New Born Baby to 3 Year Old  75cmx75cm  Ice Cream Print (Pink),1,345,345,Nursery,Blankets  Wrappers & Sleeping Bags,Luv Lap,269,22
9721232,LuvLap Soft 100% Cotton Hooded Wrapper Cum Warm  Blanket  for New Born Baby to 3 Year Old  75cmx75cm  Ice Cream Print (Pink),1,345,345,Nursery,Blankets  Wrappers & Sleeping Bags,Luv Lap,269,22
571661,Babyhug Baby On Board Sign Giraffe - Red,2,149,149,Baby Gear,Baby Car Seats,Babyhug,113,24
10818935,Babyhug Giraffe Shaped Soft Seat - Blue,1,2295,2295,Nursery,Kids Furniture,Babyhug,1491,35
10818935,Babyhug Giraffe Shaped Soft Seat - Blue,1,2295,2295,Nursery,Kids Furniture,Babyhug,1491,35
3218778,Babyhug Cotton Swaddle Wrapper Space Print - White & Blue,1,545,545,Nursery,Blankets  Wrappers & Sleeping Bags,Babyhug,354,35
3218778,Babyhug Cotton Swaddle Wrapper Space Print - White & Blue,1,545,545,Nursery,Blankets  Wrappers & Sleeping Bags,Babyhug,354,35
11864636,Kids Travel Suitcase Trolley Bag with Wheels - 18 inch lugguage & 15 Inch Backpack,1,5995,5995,Nursery,Travel Accessories,Fab N Funky,3417,43
11864636,Kids Travel Suitcase Trolley Bag with Wheels - 18 inch lugguage & 15 Inch Backpack,1,5995,5995,Nursery,Travel Accessories,Fab N Funky,3417,43
2588432,Babyhug 3 in 1 Premium Baby Cotton Muslin Wrapper Cum Swaddle Rocket Print Pack of 2  - Multicolour,1,1195,1195,Nursery,Blankets  Wrappers & Sleeping Bags,Babyhug,972,18
2588432,Babyhug 3 in 1 Premium Baby Cotton Muslin Wrapper Cum Swaddle Rocket Print Pack of 2  - Multicolour,1,1195,1195,Nursery,Blankets  Wrappers & Sleeping Bags,Babyhug,972,18
2032526,Babyhug Premium Cotton Baby Nest Bag Farm Theme - Yellow & Blue,1,1245,1245,Nursery,Blankets  Wrappers & Sleeping Bags,Babyhug,809,35
2032526,Babyhug Premium Cotton Baby Nest Bag Farm Theme - Yellow & Blue,1,1245,1245,Nursery,Blankets  Wrappers & Sleeping Bags,Babyhug,809,35
3036147,Babyhug Sleeping Bag Parkland Print - Multicolor,1,895,895,Nursery,Blankets  Wrappers & Sleeping Bags,Babyhug,647,27
3036147,Babyhug Sleeping Bag Parkland Print - Multicolor,1,895,895,Nursery,Blankets  Wrappers & Sleeping Bags,Babyhug,647,27
19202781,Bonfino Premium Cotton Bear shape Memory Foam Pillow  Cupcake Print - Pink & White| Prevents Flat-Head Syndrome| Neck & Shoulder Support| Soft Breathable Fabric| Washable| Travel Friendly| 0+ Months,1,899,899,Nursery,Baby Bedding Sets & Pillows,Bonfino,476,47
19202781,Bonfino Premium Cotton Bear shape Memory Foam Pillow  Cupcake Print - Pink & White| Prevents Flat-Head Syndrome| Neck & Shoulder Support| Soft Breathable Fabric| Washable| Travel Friendly| 0+ Months,1,899,899,Nursery,Baby Bedding Sets & Pillows,Bonfino,476,47
10443226,R for Rabbit Marshmallow High Chair For Baby  Multiple Recline Position High Chair With 7 Level Height Adjustment And 3-Recline Modes 6 Months To 5 Years (Abstract White),1,9495,9495,Baby Gear,High Chairs & Booster Seats,R for Rabbit,7526,20
10443226,R for Rabbit Marshmallow High Chair For Baby  Multiple Recline Position High Chair With 7 Level Height Adjustment And 3-Recline Modes 6 Months To 5 Years (Abstract White),1,9495,9495,Baby Gear,High Chairs & Booster Seats,R for Rabbit,7536,20
15428479,Babyhug Independent 2-in-1 Hip Seat Carrier: Front & back carrying positions  Padded seat for comfort  Adjustable waist belt  Side storage pockets  Supports up to 15kg  Easy weight distribution for parents comfort- Grey,1,1599,1599,Baby Gear,Baby Carriers,Babyhug,1087,32
15428479,Babyhug Independent 2-in-1 Hip Seat Carrier: Front & back carrying positions  Padded seat for comfort  Adjustable waist belt  Side storage pockets  Supports up to 15kg  Easy weight distribution for parents comfort- Grey,1,1599,1599,Baby Gear,Baby Carriers,Babyhug,1087,32
2588430,Babyhug 3 in 1 Premium Baby Cotton Muslin Wrapper Cum Swaddle Giraffe Print Pack of 2 - Pink,1,1195,1195,Nursery,Blankets  Wrappers & Sleeping Bags,Babyhug,872,27
2588430,Babyhug 3 in 1 Premium Baby Cotton Muslin Wrapper Cum Swaddle Giraffe Print Pack of 2 - Pink,1,1195,1195,Nursery,Blankets  Wrappers & Sleeping Bags,Babyhug,872,27
20011664,Babyhug 4 in 1 Convertible High Chair with Adjustable Height & Comfortable Seat - Grey,1,3795,3795,Baby Gear,High Chairs & Booster Seats,Babyhug,2390,37
20011664,Babyhug 4 in 1 Convertible High Chair with Adjustable Height & Comfortable Seat - Grey,1,3795,3795,Baby Gear,High Chairs & Booster Seats,Babyhug,2390,37
2810517,Babyhug Premium 3 Layered Lightweight Baby Muslin Blanket Floral Print - Pink,1,1795,1795,Nursery,Blankets  Wrappers & Sleeping Bags,Babyhug,1461,18
2810517,Babyhug Premium 3 Layered Lightweight Baby Muslin Blanket Floral Print - Pink,1,1795,1795,Nursery,Blankets  Wrappers & Sleeping Bags,Babyhug,1461,18
19262337,Babyhug Baby Anti Roll Side Bolsters Party Theme  - Pink,1,549,549,Nursery,Baby Bedding Sets & Pillows,Babyhug,375,31
19262337,Babyhug Baby Anti Roll Side Bolsters Party Theme  - Pink,1,549,549,Nursery,Baby Bedding Sets & Pillows,Babyhug,375,31
11569961,Babyhug Head Shaping Mustard Seed Rai Pillow Unicorn Print - Sea Green,2,595,595,Nursery,Baby Bedding Sets & Pillows,Babyhug,392,34
11569961,Babyhug Head Shaping Mustard Seed Rai Pillow Unicorn Print - Sea Green,1,595,595,Nursery,Baby Bedding Sets & Pillows,Babyhug,392,34